Date,BTC-USD,ETH-USD
2017-11-09,7143.580078125,320.8840026855469
2017-11-10,6618.14013671875,299.25299072265625
2017-11-13,6559.490234375,316.71600341796875
2017-11-14,6635.75,337.6310119628906
2017-11-15,7315.5400390625,333.35699462890625
2017-11-16,7871.68994140625,330.92401123046875
2017-11-17,7708.990234375,332.3940124511719
2017-11-20,8200.6396484375,366.7300109863281
2017-11-21,8071.259765625,360.4010009765625
2017-11-22,8253.5498046875,380.6520080566406
2017-11-23,8038.77001953125,410.1659851074219
2017-11-24,8253.6904296875,474.9110107421875
2017-11-27,9818.349609375,480.3550109863281
2017-11-28,10058.7998046875,472.9020080566406
2017-11-29,9888.6103515625,427.52301025390625
2017-11-30,10233.599609375,447.114013671875
2017-12-01,10975.599609375,466.5400085449219
2017-12-04,11657.2001953125,470.2040100097656
2017-12-05,11916.7001953125,463.281005859375
2017-12-06,14291.5,428.5880126953125
2017-12-07,17899.69921875,434.4079895019531
2017-12-08,16569.400390625,456.031005859375
2017-12-11,16936.80078125,515.135986328125
2017-12-12,17415.400390625,651.4310302734375
2017-12-13,16408.19921875,702.7670288085938
2017-12-14,16564.0,695.8159790039062
2017-12-15,17706.900390625,684.447998046875
2017-12-18,19114.19921875,794.64501953125
2017-12-19,17776.69921875,826.822998046875
2017-12-20,16624.599609375,819.0859985351562
2017-12-21,15802.900390625,821.06298828125
2017-12-22,13831.7998046875,674.8599853515625
2017-12-25,14026.599609375,765.833984375
2017-12-26,16099.7998046875,773.8359985351562
2017-12-27,15838.5,762.8419799804688
2017-12-28,14606.5,737.0230102539062
2017-12-29,14656.2001953125,753.5919799804688
2018-01-01,13657.2001953125,772.6409912109375
2018-01-02,14982.099609375,884.4439697265625
2018-01-03,15201.0,962.719970703125
2018-01-04,15599.2001953125,980.9219970703125
2018-01-05,17429.5,997.719970703125
2018-01-08,15170.099609375,1148.530029296875
2018-01-09,14595.400390625,1299.739990234375
2018-01-10,14973.2998046875,1255.8199462890625
2018-01-11,13405.7998046875,1154.9300537109375
2018-01-12,13980.599609375,1273.199951171875
2018-01-15,13819.7998046875,1291.9200439453125
2018-01-16,11490.5,1053.68994140625
2018-01-17,11188.599609375,1014.25
2018-01-18,11474.900390625,1036.280029296875
2018-01-19,11607.400390625,1039.0999755859375
2018-01-22,10931.400390625,1003.260009765625
2018-01-23,10868.400390625,986.22900390625
2018-01-24,11359.400390625,1058.780029296875
2018-01-25,11259.400390625,1056.030029296875
2018-01-26,11171.400390625,1055.1700439453125
2018-01-29,11296.400390625,1182.3599853515625
2018-01-30,10106.2998046875,1071.1300048828125
2018-01-31,10221.099609375,1118.31005859375
2018-02-01,9170.5400390625,1036.7900390625
2018-02-02,8830.75,915.7849731445312
2018-02-05,6955.27001953125,697.9509887695312
2018-02-06,7754.0,793.1220092773438
2018-02-07,7621.2998046875,757.0679931640625
2018-02-08,8265.58984375,817.8070068359375
2018-02-09,8736.98046875,883.864990234375
2018-02-12,8926.5703125,868.7069702148438
2018-02-13,8598.3095703125,845.2579956054688
2018-02-14,9494.6298828125,923.5609741210938
2018-02-15,10166.400390625,936.9760131835938
2018-02-16,10233.900390625,944.2100219726562
2018-02-19,11225.2998046875,943.864990234375
2018-02-20,11403.7001953125,895.3709716796875
2018-02-21,10690.400390625,849.9710083007812
2018-02-22,10005.0,812.844970703125
2018-02-23,10301.099609375,864.1890258789062
2018-02-26,10366.7001953125,869.3150024414062
2018-02-27,10725.599609375,878.2650146484375
2018-02-28,10397.900390625,855.198974609375
2018-03-01,10951.0,872.2000122070312
2018-03-02,11086.400390625,856.85302734375
2018-03-05,11573.2998046875,853.6840209960938
2018-03-06,10779.900390625,816.9509887695312
2018-03-07,9965.5703125,752.8309936523438
2018-03-08,9395.009765625,704.5960083007812
2018-03-09,9337.5498046875,728.916015625
2018-03-12,9205.1201171875,699.8309936523438
2018-03-13,9194.849609375,690.8270263671875
2018-03-14,8269.8095703125,614.291015625
2018-03-15,8300.8603515625,611.3040161132812
2018-03-16,8338.349609375,601.666015625
2018-03-19,8630.650390625,556.7260131835938
2018-03-20,8913.4697265625,557.1749877929688
2018-03-21,8929.2802734375,561.7319946289062
2018-03-22,8728.4697265625,539.7020263671875
2018-03-23,8879.6201171875,539.6190185546875
2018-03-26,8209.400390625,489.95098876953125
2018-03-27,7833.0400390625,450.1159973144531
2018-03-28,7954.47998046875,446.27899169921875
2018-03-29,7165.7001953125,385.9679870605469
2018-03-30,6890.52001953125,394.6449890136719
2018-04-02,7083.7998046875,386.42498779296875
2018-04-03,7456.10986328125,416.89300537109375
2018-04-04,6853.83984375,380.5429992675781
2018-04-05,6811.47021484375,383.23199462890625
2018-04-06,6636.31982421875,370.2850036621094
2018-04-09,6770.72998046875,398.5260009765625
2018-04-10,6834.759765625,414.2430114746094
2018-04-11,6968.31982421875,430.5400085449219
2018-04-12,7889.25,492.9410095214844
2018-04-13,7895.9599609375,492.7349853515625
2018-04-16,8058.669921875,511.1470031738281
2018-04-17,7902.08984375,502.8940124511719
2018-04-18,8163.419921875,524.7890014648438
2018-04-19,8294.3095703125,567.8889770507812
2018-04-20,8845.830078125,615.718017578125
2018-04-23,8930.8798828125,642.5479736328125
2018-04-24,9697.5,708.1580200195312
2018-04-25,8845.740234375,615.416015625
2018-04-26,9281.509765625,662.8090209960938
2018-04-27,8987.0498046875,647.031982421875
2018-04-30,9240.5498046875,669.9240112304688
2018-05-01,9119.009765625,673.6129760742188
2018-05-02,9235.919921875,687.1489868164062
2018-05-03,9743.8603515625,779.5430297851562
2018-05-04,9700.759765625,785.6240234375
2018-05-07,9373.009765625,753.7249755859375
2018-05-08,9234.8203125,752.8569946289062
2018-05-09,9325.1796875,752.2750244140625
2018-05-10,9043.9404296875,727.2769775390625
2018-05-11,8441.490234375,679.5859985351562
2018-05-14,8716.7900390625,730.5490112304688
2018-05-15,8510.3798828125,708.8709716796875
2018-05-16,8368.830078125,707.0499877929688
2018-05-17,8094.31982421875,672.656982421875
2018-05-18,8250.9697265625,694.3670043945312
2018-05-21,8418.990234375,699.2219848632812
2018-05-22,8041.77978515625,647.7410278320312
2018-05-23,7557.81982421875,583.5850219726562
2018-05-24,7587.33984375,601.7550048828125
2018-05-25,7480.14013671875,586.7340087890625
2018-05-28,7135.990234375,516.0360107421875
2018-05-29,7472.58984375,565.3880004882812
2018-05-30,7406.52001953125,559.5900268554688
2018-05-31,7494.169921875,577.64501953125
2018-06-01,7541.4501953125,580.0430297851562
2018-06-04,7514.47021484375,592.9849853515625
2018-06-05,7633.759765625,609.302978515625
2018-06-06,7653.97998046875,607.1240234375
2018-06-07,7678.240234375,605.18701171875
2018-06-08,7624.919921875,601.0770263671875
2018-06-11,6906.919921875,533.2839965820312
2018-06-12,6582.35986328125,496.8429870605469
2018-06-13,6349.89990234375,477.4939880371094
2018-06-14,6675.35009765625,519.7420043945312
2018-06-15,6456.580078125,491.0039978027344
2018-06-18,6734.81982421875,518.8909912109375
2018-06-19,6769.93994140625,537.9569702148438
2018-06-20,6776.5498046875,536.2680053710938
2018-06-21,6729.740234375,527.3670043945312
2018-06-22,6083.68994140625,465.8169860839844
2018-06-25,6249.18017578125,460.30999755859375
2018-06-26,6093.669921875,432.7720031738281
2018-06-27,6157.1298828125,442.364990234375
2018-06-28,5903.43994140625,422.364990234375
2018-06-29,6218.2998046875,436.0090026855469
2018-07-02,6614.18017578125,475.34698486328125
2018-07-03,6529.58984375,464.19500732421875
2018-07-04,6597.5498046875,467.3179931640625
2018-07-05,6639.14013671875,474.4119873046875
2018-07-06,6673.5,474.0119934082031
2018-07-09,6741.75,476.6820068359375
2018-07-10,6329.9501953125,434.42401123046875
2018-07-11,6394.7099609375,446.51800537109375
2018-07-12,6228.81005859375,430.0740051269531
2018-07-13,6238.0498046875,434.0270080566406
2018-07-16,6741.75,480.6579895019531
2018-07-17,7321.0400390625,501.00201416015625
2018-07-18,7370.77978515625,480.51300048828125
2018-07-19,7466.85986328125,469.6189880371094
2018-07-20,7354.1298828125,450.697998046875
2018-07-23,7711.10986328125,450.8529968261719
2018-07-24,8424.26953125,479.37298583984375
2018-07-25,8181.39013671875,472.4930114746094
2018-07-26,7951.580078125,464.0369873046875
2018-07-27,8165.009765625,469.6659851074219
2018-07-30,8180.47998046875,457.08099365234375
2018-07-31,7780.43994140625,433.86700439453125
2018-08-01,7624.91015625,420.74700927734375
2018-08-02,7567.14990234375,412.6210021972656
2018-08-03,7434.39013671875,418.2619934082031
2018-08-06,6951.7998046875,406.6579895019531
2018-08-07,6753.1201171875,380.2149963378906
2018-08-08,6305.7998046875,356.6130065917969
2018-08-09,6568.22998046875,365.5880126953125
2018-08-10,6184.7099609375,334.1759948730469
2018-08-13,6297.56982421875,286.4949951171875
2018-08-14,6199.7099609375,278.9320068359375
2018-08-15,6308.52001953125,282.364013671875
2018-08-16,6334.72998046875,288.0459899902344
2018-08-17,6580.6298828125,315.72900390625
2018-08-20,6308.52978515625,274.31500244140625
2018-08-21,6488.759765625,281.9440002441406
2018-08-22,6376.7099609375,271.34100341796875
2018-08-23,6534.8798828125,277.10400390625
2018-08-24,6719.9599609375,282.9670104980469
2018-08-27,6884.64013671875,285.6029968261719
2018-08-28,7096.27978515625,296.4989929199219
2018-08-29,7047.16015625,289.31201171875
2018-08-30,6978.22998046875,284.1050109863281
2018-08-31,7037.580078125,283.0039978027344
2018-09-03,7260.06005859375,289.2590026855469
2018-09-04,7361.66015625,285.7229919433594
2018-09-05,6792.830078125,232.33099365234375
2018-09-06,6529.169921875,230.21499633789062
2018-09-07,6467.06982421875,217.2030029296875
2018-09-10,6329.7001953125,197.07899475097656
2018-09-11,6321.2001953125,185.0659942626953
2018-09-12,6351.7998046875,183.33099365234375
2018-09-13,6517.31005859375,211.35400390625
2018-09-14,6512.7099609375,211.74899291992188
2018-09-17,6281.2001953125,197.875
2018-09-18,6371.2998046875,209.97500610351562
2018-09-19,6398.5400390625,209.968994140625
2018-09-20,6519.669921875,224.59100341796875
2018-09-21,6734.9501953125,246.58399963378906
2018-09-24,6595.41015625,228.72999572753906
2018-09-25,6446.47021484375,218.5050048828125
2018-09-26,6495.0,215.8470001220703
2018-09-27,6676.75,228.49400329589844
2018-09-28,6644.1298828125,222.40199279785156
2018-10-01,6589.6201171875,230.76800537109375
2018-10-02,6556.10009765625,227.18099975585938
2018-10-03,6502.58984375,220.48899841308594
2018-10-04,6576.68994140625,222.21800231933594
2018-10-05,6622.47998046875,227.6009979248047
2018-10-08,6652.22998046875,229.2550048828125
2018-10-09,6642.64013671875,227.98199462890625
2018-10-10,6585.52978515625,225.7689971923828
2018-10-11,6256.240234375,189.49899291992188
2018-10-12,6274.580078125,196.7270050048828
2018-10-15,6596.5400390625,209.70399475097656
2018-10-16,6596.10986328125,210.1199951171875
2018-10-17,6544.43017578125,207.08299255371094
2018-10-18,6476.7099609375,203.3520050048828
2018-10-19,6465.41015625,203.7270050048828
2018-10-22,6487.16015625,204.04400634765625
2018-10-23,6475.740234375,204.33599853515625
2018-10-24,6495.83984375,203.8520050048828
2018-10-25,6476.2900390625,202.718994140625
2018-10-26,6474.75,203.32899475097656
2018-10-29,6332.6298828125,197.2469940185547
2018-10-30,6334.27001953125,197.55599975585938
2018-10-31,6317.60986328125,197.38099670410156
2018-11-01,6377.77978515625,198.8719940185547
2018-11-02,6388.43994140625,200.63499450683594
2018-11-05,6419.66015625,209.09100341796875
2018-11-06,6461.009765625,218.45199584960938
2018-11-07,6530.14013671875,217.18299865722656
2018-11-08,6453.72021484375,212.2310028076172
2018-11-09,6385.6201171875,210.07400512695312
2018-11-12,6371.27001953125,210.41799926757812
2018-11-13,6359.490234375,206.8260040283203
2018-11-14,5738.35009765625,181.39700317382812
2018-11-15,5648.02978515625,180.80599975585938
2018-11-16,5575.5498046875,175.177001953125
2018-11-19,4871.490234375,149.1750030517578
2018-11-20,4451.8701171875,130.33900451660156
2018-11-21,4602.169921875,136.7010040283203
2018-11-22,4365.93994140625,126.70600128173828
2018-11-23,4347.10986328125,123.2959976196289
2018-11-26,3779.1298828125,108.33499908447266
2018-11-27,3820.719970703125,110.01000213623047
2018-11-28,4257.419921875,122.43800354003906
2018-11-29,4278.8466796875,117.54264831542969
2018-11-30,4017.2685546875,113.17141723632812
2018-12-03,3894.130859375,108.92501831054688
2018-12-04,3956.893798828125,110.21418762207031
2018-12-05,3753.994873046875,102.47555541992188
2018-12-06,3521.101806640625,91.76105499267578
2018-12-07,3419.937255859375,93.29456329345703
2018-12-10,3502.656005859375,91.68565368652344
2018-12-11,3424.588134765625,88.94530487060547
2018-12-12,3486.9501953125,90.59329986572266
2018-12-13,3313.67724609375,86.53931427001953
2018-12-14,3242.48486328125,84.30829620361328
2018-12-17,3545.86474609375,95.13382720947266
2018-12-18,3696.05908203125,101.11245727539062
2018-12-19,3745.95068359375,101.2685775756836
2018-12-20,4134.44140625,116.21687316894531
2018-12-21,3896.543701171875,109.49623107910156
2018-12-24,4078.59912109375,140.23800659179688
2018-12-25,3815.49072265625,129.84434509277344
2018-12-26,3857.297607421875,131.86563110351562
2018-12-27,3654.83349609375,116.57591247558594
2018-12-28,3923.918701171875,137.6470184326172
2018-12-31,3742.700439453125,133.36825561523438
2019-01-01,3843.52001953125,140.8194122314453
2019-01-02,3943.409423828125,155.0476837158203
2019-01-03,3836.7412109375,149.135009765625
2019-01-04,3857.717529296875,154.58193969726562
2019-01-07,4025.248291015625,151.69921875
2019-01-08,4030.847900390625,150.35963439941406
2019-01-09,4035.29638671875,150.80311584472656
2019-01-10,3678.924560546875,128.62518310546875
2019-01-11,3687.365478515625,127.54832458496094
2019-01-14,3706.05224609375,129.0687255859375
2019-01-15,3630.67529296875,122.03271484375
2019-01-16,3655.0068359375,123.54706573486328
2019-01-17,3678.56396484375,123.7419204711914
2019-01-18,3657.83935546875,121.01026153564453
2019-01-21,3576.032470703125,117.15785217285156
2019-01-22,3604.5771484375,118.74755096435547
2019-01-23,3585.123046875,117.45260620117188
2019-01-24,3600.865478515625,117.36288452148438
2019-01-25,3599.765869140625,116.37834167480469
2019-01-28,3470.450439453125,106.58997344970703
2019-01-29,3448.116943359375,105.59821319580078
2019-01-30,3486.181640625,108.90753936767578
2019-01-31,3457.792724609375,107.0610122680664
2019-02-01,3487.9453125,107.60978698730469
2019-02-04,3459.154052734375,107.82160186767578
2019-02-05,3466.357421875,107.44351959228516
2019-02-06,3413.767822265625,104.9192886352539
2019-02-07,3399.4716796875,104.5353012084961
2019-02-08,3666.7802734375,119.26774597167969
2019-02-11,3648.4306640625,121.29839324951172
2019-02-12,3653.528564453125,122.5722885131836
2019-02-13,3632.070556640625,122.55360412597656
2019-02-14,3616.880859375,121.39020538330078
2019-02-15,3620.810791015625,122.10038757324219
2019-02-18,3915.71435546875,146.09837341308594
2019-02-19,3947.094482421875,145.34619140625
2019-02-20,3999.820556640625,149.55433654785156
2019-02-21,3954.1181640625,146.13084411621094
2019-02-22,4005.526611328125,149.0924530029297
2019-02-25,3882.6962890625,139.82286071777344
2019-02-26,3854.35791015625,138.0896759033203
2019-02-27,3851.04736328125,136.12596130371094
2019-02-28,3854.785400390625,136.74624633789062
2019-03-01,3859.583740234375,136.44361877441406
2019-03-04,3761.55712890625,127.77412414550781
2019-03-05,3896.375,137.8223876953125
2019-03-06,3903.942626953125,138.7893524169922
2019-03-07,3911.484375,138.0345001220703
2019-03-08,3901.131591796875,135.1270751953125
2019-03-11,3905.227294921875,133.8340301513672
2019-03-12,3909.15625,134.44288635253906
2019-03-13,3906.71728515625,133.26307678222656
2019-03-14,3924.369140625,133.7115936279297
2019-03-15,3960.9111328125,137.69178771972656
2019-03-18,4032.50732421875,139.37460327148438
2019-03-19,4071.190185546875,140.51919555664062
2019-03-20,4087.476318359375,140.6863555908203
2019-03-21,4029.326904296875,136.6360626220703
2019-03-22,4023.96826171875,137.1814422607422
2019-03-25,3963.070556640625,135.03102111816406
2019-03-26,3985.080810546875,135.46035766601562
2019-03-27,4087.066162109375,140.9881591796875
2019-03-28,4069.107177734375,139.41647338867188
2019-03-29,4098.37451171875,142.49742126464844
2019-04-01,4158.18310546875,141.830322265625
2019-04-02,4879.8779296875,163.9617462158203
2019-04-03,4973.02197265625,161.45880126953125
2019-04-04,4922.798828125,158.0525360107422
2019-04-05,5036.68115234375,165.5148468017578
2019-04-08,5289.77099609375,180.25881958007812
2019-04-09,5204.95849609375,176.1145782470703
2019-04-10,5324.5517578125,177.3374786376953
2019-04-11,5064.48779296875,165.4970245361328
2019-04-12,5089.5390625,164.736328125
2019-04-15,5067.1083984375,161.5741729736328
2019-04-16,5235.5595703125,167.62344360351562
2019-04-17,5251.93798828125,166.9507598876953
2019-04-18,5298.3857421875,173.81402587890625
2019-04-19,5303.8125,173.70843505859375
2019-04-22,5399.365234375,171.87466430664062
2019-04-23,5572.3623046875,171.4477996826172
2019-04-24,5464.86669921875,165.8260955810547
2019-04-25,5210.515625,154.4593963623047
2019-04-26,5279.34814453125,156.3470916748047
2019-04-29,5247.3525390625,155.20199584960938
2019-04-30,5350.7265625,162.16603088378906
2019-05-01,5402.697265625,160.81834411621094
2019-05-02,5505.28369140625,162.12278747558594
2019-05-03,5768.28955078125,167.95240783691406
2019-05-06,5746.80712890625,172.65321350097656
2019-05-07,5829.50146484375,169.7986602783203
2019-05-08,5982.45751953125,170.9481658935547
2019-05-09,6174.52880859375,170.289306640625
2019-05-10,6378.84912109375,173.1427459716797
2019-05-13,7814.9150390625,196.84628295898438
2019-05-14,7994.416015625,217.14857482910156
2019-05-15,8205.16796875,247.15306091308594
2019-05-16,7884.9091796875,264.010009765625
2019-05-17,7343.8955078125,243.76458740234375
2019-05-20,7978.30908203125,251.86441040039062
2019-05-21,7963.32763671875,255.21588134765625
2019-05-22,7680.06640625,244.69891357421875
2019-05-23,7881.8466796875,245.96566772460938
2019-05-24,7987.37158203125,249.4849853515625
2019-05-27,8805.7783203125,272.8626403808594
2019-05-28,8719.9619140625,271.7687072753906
2019-05-29,8659.4873046875,269.4556884765625
2019-05-30,8319.47265625,255.85894775390625
2019-05-31,8574.501953125,268.1135559082031
2019-06-03,8208.9951171875,252.60792541503906
2019-06-04,7707.77099609375,241.3387908935547
2019-06-05,7824.2314453125,247.05101013183594
2019-06-06,7822.0234375,249.47433471679688
2019-06-07,8043.951171875,250.93035888671875
2019-06-10,8000.32958984375,247.52012634277344
2019-06-11,7927.71435546875,245.78182983398438
2019-06-12,8145.857421875,260.9032897949219
2019-06-13,8230.923828125,256.1687927246094
2019-06-14,8693.8330078125,264.08746337890625
2019-06-17,9320.3525390625,274.3511047363281
2019-06-18,9081.7626953125,265.0518493652344
2019-06-19,9273.521484375,269.4317932128906
2019-06-20,9527.16015625,271.69500732421875
2019-06-21,10144.556640625,294.9102783203125
2019-06-24,11011.1025390625,310.4246826171875
2019-06-25,11790.9169921875,318.1263122558594
2019-06-26,13016.2314453125,336.753173828125
2019-06-27,11182.806640625,294.26763916015625
2019-06-28,12407.33203125,311.2261047363281
2019-07-01,10583.134765625,293.64111328125
2019-07-02,10801.677734375,291.596435546875
2019-07-03,11961.26953125,303.0999755859375
2019-07-04,11215.4375,284.5232238769531
2019-07-05,10978.4599609375,287.9975280761719
2019-07-08,12285.9580078125,313.25140380859375
2019-07-09,12573.8125,308.8810119628906
2019-07-10,12156.5126953125,290.0023193359375
2019-07-11,11358.662109375,268.70404052734375
2019-07-12,11815.986328125,276.2767028808594
2019-07-15,10895.08984375,229.7760009765625
2019-07-16,9477.6416015625,199.1886749267578
2019-07-17,9693.802734375,211.48497009277344
2019-07-18,10666.482421875,226.566162109375
2019-07-19,10530.732421875,221.3334197998047
2019-07-22,10343.1064453125,217.5600128173828
2019-07-23,9900.767578125,212.728515625
2019-07-24,9811.92578125,217.04637145996094
2019-07-25,9911.841796875,219.6179962158203
2019-07-26,9870.3037109375,219.62960815429688
2019-07-29,9519.1455078125,211.26805114746094
2019-07-30,9607.423828125,210.52259826660156
2019-07-31,10085.6279296875,218.65414428710938
2019-08-01,10399.6689453125,217.80844116210938
2019-08-02,10518.1748046875,217.87156677246094
2019-08-05,11805.6533203125,234.21502685546875
2019-08-06,11478.1689453125,226.02064514160156
2019-08-07,11941.96875,226.39100646972656
2019-08-08,11966.4072265625,220.94186401367188
2019-08-09,11862.9365234375,210.48890686035156
2019-08-12,11382.6162109375,211.28807067871094
2019-08-13,10895.830078125,208.70904541015625
2019-08-14,10051.7041015625,186.6077423095703
2019-08-15,10311.5458984375,188.50205993652344
2019-08-16,10374.3388671875,185.44007873535156
2019-08-19,10916.0537109375,203.09193420410156
2019-08-20,10763.232421875,196.56541442871094
2019-08-21,10138.0498046875,186.89163208007812
2019-08-22,10131.0556640625,191.33291625976562
2019-08-23,10407.96484375,194.70620727539062
2019-08-26,10370.8203125,188.92938232421875
2019-08-27,10185.5,187.51666259765625
2019-08-28,9754.4228515625,173.8899688720703
2019-08-29,9510.2001953125,169.51673889160156
2019-08-30,9598.173828125,168.83486938476562
2019-09-02,10346.7607421875,178.34735107421875
2019-09-03,10623.5400390625,179.49932861328125
2019-09-04,10594.4931640625,175.99288940429688
2019-09-05,10575.533203125,174.21713256835938
2019-09-06,10353.302734375,169.9561767578125
2019-09-09,10334.974609375,181.1494598388672
2019-09-10,10115.9755859375,179.78717041015625
2019-09-11,10178.3720703125,178.72549438476562
2019-09-12,10410.126953125,181.01609802246094
2019-09-13,10360.546875,181.10972595214844
2019-09-16,10276.7939453125,197.11317443847656
2019-09-17,10241.2724609375,208.60874938964844
2019-09-18,10198.248046875,211.39303588867188
2019-09-19,10266.4150390625,221.28085327148438
2019-09-20,10181.6416015625,218.050048828125
2019-09-23,9729.32421875,201.9213104248047
2019-09-24,8620.56640625,168.11073303222656
2019-09-25,8486.9931640625,170.8927001953125
2019-09-26,8118.9677734375,166.7271270751953
2019-09-27,8251.845703125,174.71099853515625
2019-09-30,8293.8681640625,179.87220764160156
2019-10-01,8343.2763671875,177.34042358398438
2019-10-02,8393.0419921875,180.71051025390625
2019-10-03,8259.9921875,175.1993408203125
2019-10-04,8205.939453125,176.98500061035156
2019-10-07,8245.623046875,181.18634033203125
2019-10-08,8228.783203125,182.0215606689453
2019-10-09,8595.740234375,193.2932586669922
2019-10-10,8586.4736328125,191.65966796875
2019-10-11,8321.7568359375,182.56968688964844
2019-10-14,8374.6865234375,186.96090698242188
2019-10-15,8205.369140625,181.40606689453125
2019-10-16,8047.52685546875,176.0135040283203
2019-10-17,8103.9111328125,178.02835083007812
2019-10-18,7973.20751953125,173.621337890625
2019-10-21,8243.720703125,174.92098999023438
2019-10-22,8078.203125,172.3008575439453
2019-10-23,7514.671875,162.4027862548828
2019-10-24,7493.48876953125,162.16854858398438
2019-10-25,8660.7001953125,181.52320861816406
2019-10-28,9256.1484375,182.66281127929688
2019-10-29,9427.6875,190.3425750732422
2019-10-30,9205.7265625,184.69216918945312
2019-10-31,9199.5849609375,183.9669189453125
2019-11-01,9261.1044921875,183.9698944091797
2019-11-04,9412.6123046875,186.35519409179688
2019-11-05,9342.52734375,189.30416870117188
2019-11-06,9360.8798828125,191.59384155273438
2019-11-07,9267.5615234375,187.97654724121094
2019-11-08,8804.880859375,184.2114715576172
2019-11-11,8757.7880859375,185.48963928222656
2019-11-12,8815.662109375,186.84341430664062
2019-11-13,8808.2626953125,188.2587432861328
2019-11-14,8708.0947265625,185.9996337890625
2019-11-15,8491.9921875,180.52117919921875
2019-11-18,8309.2861328125,180.55960083007812
2019-11-19,8206.1455078125,177.45555114746094
2019-11-20,8027.26806640625,175.69834899902344
2019-11-21,7642.75,161.4627227783203
2019-11-22,7296.57763671875,150.26817321777344
2019-11-25,7146.1337890625,146.47653198242188
2019-11-26,7218.37109375,148.96507263183594
2019-11-27,7531.66357421875,153.01055908203125
2019-11-28,7463.10595703125,151.7175750732422
2019-11-29,7761.24365234375,155.3041534423828
2019-12-02,7321.98828125,149.0591583251953
2019-12-03,7320.1455078125,147.9564208984375
2019-12-04,7252.03466796875,146.74774169921875
2019-12-05,7448.3076171875,149.24899291992188
2019-12-06,7546.99658203125,149.19444274902344
2019-12-09,7400.8994140625,148.2251739501953
2019-12-10,7278.11962890625,146.2670440673828
2019-12-11,7217.42724609375,143.60800170898438
2019-12-12,7243.13427734375,145.60400390625
2019-12-13,7269.6845703125,144.9447479248047
2019-12-16,6932.48046875,133.61402893066406
2019-12-17,6640.51513671875,122.60388946533203
2019-12-18,7276.802734375,133.09219360351562
2019-12-19,7202.84423828125,129.32113647460938
2019-12-20,7218.81640625,129.06605529785156
2019-12-23,7355.62841796875,128.6140899658203
2019-12-24,7322.5322265625,129.0638885498047
2019-12-25,7275.15576171875,126.45463562011719
2019-12-26,7238.966796875,126.36122131347656
2019-12-27,7290.08837890625,127.21460723876953
2019-12-30,7292.9951171875,132.63348388671875
2019-12-31,7193.59912109375,129.61085510253906
2020-01-01,7200.17431640625,130.802001953125
2020-01-02,6985.47021484375,127.4101791381836
2020-01-03,7344.88427734375,134.1717071533203
2020-01-06,7769.21923828125,144.3041534423828
2020-01-07,8163.6923828125,143.5439910888672
2020-01-08,8079.86279296875,141.2581329345703
2020-01-09,7879.0712890625,138.9792022705078
2020-01-10,8166.55419921875,143.96377563476562
2020-01-13,8144.1943359375,144.22659301757812
2020-01-14,8827.7646484375,165.95535278320312
2020-01-15,8807.0107421875,166.23068237304688
2020-01-16,8723.7861328125,164.39100646972656
2020-01-17,8929.0380859375,170.7799530029297
2020-01-20,8657.642578125,167.12051391601562
2020-01-21,8745.89453125,169.69715881347656
2020-01-22,8680.8759765625,168.29415893554688
2020-01-23,8406.515625,162.92855834960938
2020-01-24,8445.4345703125,163.05117797851562
2020-01-27,8909.8193359375,170.93089294433594
2020-01-28,9358.58984375,176.3703155517578
2020-01-29,9316.6298828125,175.0503387451172
2020-01-30,9508.9931640625,184.6904754638672
2020-01-31,9350.529296875,180.16017150878906
2020-02-03,9293.521484375,189.8650665283203
2020-02-04,9180.962890625,189.25059509277344
2020-02-05,9613.423828125,204.23023986816406
2020-02-06,9729.8017578125,212.33908081054688
2020-02-07,9795.943359375,222.72605895996094
2020-02-10,9856.611328125,223.522705078125
2020-02-11,10208.236328125,235.8511962890625
2020-02-12,10326.0546875,265.4061279296875
2020-02-13,10214.3798828125,268.0992431640625
2020-02-14,10312.1162109375,284.2174987792969
2020-02-17,9690.142578125,266.3634338378906
2020-02-18,10141.99609375,281.944580078125
2020-02-19,9633.38671875,259.76397705078125
2020-02-20,9608.4755859375,257.949462890625
2020-02-21,9686.44140625,265.6006164550781
2020-02-24,9650.1748046875,265.2164306640625
2020-02-25,9341.705078125,247.81759643554688
2020-02-26,8820.5224609375,225.68026733398438
2020-02-27,8784.494140625,226.75338745117188
2020-02-28,8672.455078125,226.760498046875
2020-03-02,8869.669921875,230.5697784423828
2020-03-03,8787.7861328125,224.47962951660156
2020-03-04,8755.24609375,224.51797485351562
2020-03-05,9078.7626953125,229.2681884765625
2020-03-06,9122.5458984375,243.52529907226562
2020-03-09,7923.64453125,201.986328125
2020-03-10,7909.7294921875,200.76724243164062
2020-03-11,7911.43017578125,194.8685302734375
2020-03-12,4970.7880859375,112.34712219238281
2020-03-13,5563.70703125,133.20181274414062
2020-03-16,5014.47998046875,110.60587310791016
2020-03-17,5225.62939453125,113.9427490234375
2020-03-18,5238.4384765625,114.84226989746094
2020-03-19,6191.19287109375,136.59385681152344
2020-03-20,6198.7783203125,132.73716735839844
2020-03-23,6416.31494140625,134.91160583496094
2020-03-24,6734.8037109375,138.76144409179688
2020-03-25,6681.06298828125,136.19589233398438
2020-03-26,6716.4404296875,138.36155700683594
2020-03-27,6469.79833984375,133.9379425048828
2020-03-30,6429.841796875,132.904541015625
2020-03-31,6438.64453125,133.59356689453125
2020-04-01,6606.7763671875,135.63455200195312
2020-04-02,6793.62451171875,142.02914428710938
2020-04-03,6733.38720703125,142.09130859375
2020-04-06,7271.78125,169.13587951660156
2020-04-07,7176.41455078125,165.10194396972656
2020-04-08,7334.0986328125,172.64173889160156
2020-04-09,7302.08935546875,170.80714416503906
2020-04-10,6865.4931640625,158.41244506835938
2020-04-13,6845.03759765625,156.27955627441406
2020-04-14,6842.427734375,157.5963897705078
2020-04-15,6642.10986328125,153.28689575195312
2020-04-16,7116.80419921875,172.15737915039062
2020-04-17,7096.1845703125,171.63858032226562
2020-04-20,6881.95849609375,172.2971649169922
2020-04-21,6880.3232421875,172.73770141601562
2020-04-22,7117.20751953125,182.59957885742188
2020-04-23,7429.724609375,185.02867126464844
2020-04-24,7550.90087890625,189.2369384765625
2020-04-27,7795.60107421875,197.22471618652344
2020-04-28,7807.05859375,198.41539001464844
2020-04-29,8801.0380859375,216.96823120117188
2020-04-30,8658.5537109375,207.60205078125
2020-05-01,8864.7666015625,214.21910095214844
2020-05-04,8912.654296875,208.17401123046875
2020-05-05,9003.0703125,206.77439880371094
2020-05-06,9268.76171875,204.0557861328125
2020-05-07,9951.5185546875,212.28941345214844
2020-05-08,9842.666015625,212.9915771484375
2020-05-11,8601.7958984375,185.912841796875
2020-05-12,8804.4775390625,189.3125
2020-05-13,9269.9873046875,199.1932830810547
2020-05-14,9733.7216796875,202.9490966796875
2020-05-15,9328.197265625,195.62266540527344
2020-05-18,9726.5751953125,214.52505493164062
2020-05-19,9729.0380859375,213.45111083984375
2020-05-20,9522.9814453125,210.09674072265625
2020-05-21,9081.76171875,199.88360595703125
2020-05-22,9182.5771484375,207.169189453125
2020-05-25,8906.9345703125,205.3197479248047
2020-05-26,8835.052734375,201.90231323242188
2020-05-27,9181.017578125,208.86343383789062
2020-05-28,9525.7509765625,219.84042358398438
2020-05-29,9439.1240234375,220.6751251220703
2020-06-01,10167.2685546875,246.99176025390625
2020-06-02,9529.8037109375,237.21905517578125
2020-06-03,9656.7177734375,244.1793212890625
2020-06-04,9800.63671875,244.4263916015625
2020-06-05,9665.533203125,241.22198486328125
2020-06-08,9771.4892578125,246.30990600585938
2020-06-09,9795.7001953125,244.9114532470703
2020-06-10,9870.0947265625,247.4449462890625
2020-06-11,9321.78125,231.70266723632812
2020-06-12,9480.84375,237.4932098388672
2020-06-15,9450.7021484375,229.9289093017578
2020-06-16,9538.0244140625,234.41616821289062
2020-06-17,9480.2548828125,233.0282745361328
2020-06-18,9411.8408203125,232.10116577148438
2020-06-19,9288.0185546875,227.13829040527344
2020-06-22,9648.7177734375,242.53318786621094
2020-06-23,9629.658203125,244.14215087890625
2020-06-24,9313.6103515625,235.7724609375
2020-06-25,9264.8134765625,232.94448852539062
2020-06-26,9162.91796875,229.6680450439453
2020-06-29,9190.8544921875,228.1948699951172
2020-06-30,9137.9931640625,226.31500244140625
2020-07-01,9228.3251953125,231.11341857910156
2020-07-02,9123.41015625,229.39219665527344
2020-07-03,9087.3037109375,225.38706970214844
2020-07-06,9375.474609375,241.51022338867188
2020-07-07,9252.27734375,239.07553100585938
2020-07-08,9428.3330078125,246.67001342773438
2020-07-09,9277.9677734375,243.01596069335938
2020-07-10,9278.8076171875,240.9849853515625
2020-07-13,9243.6142578125,239.60458374023438
2020-07-14,9243.2138671875,240.21148681640625
2020-07-15,9192.8369140625,238.42352294921875
2020-07-16,9132.2275390625,233.64088439941406
2020-07-17,9151.392578125,232.77308654785156
2020-07-20,9164.2314453125,236.15316772460938
2020-07-21,9374.8876953125,245.0167236328125
2020-07-22,9525.36328125,262.1906433105469
2020-07-23,9581.072265625,274.6890563964844
2020-07-24,9536.892578125,279.2154235839844
2020-07-27,10990.873046875,321.51409912109375
2020-07-28,10912.8232421875,316.6572570800781
2020-07-29,11100.4677734375,318.1908874511719
2020-07-30,11111.2138671875,334.5866394042969
2020-07-31,11323.466796875,345.5546569824219
2020-08-03,11246.3486328125,386.295166015625
2020-08-04,11205.892578125,389.87548828125
2020-08-05,11747.0224609375,401.590576171875
2020-08-06,11779.7734375,394.9619445800781
2020-08-07,11601.47265625,379.5128479003906
2020-08-10,11878.111328125,395.8875732421875
2020-08-11,11410.525390625,380.3840637207031
2020-08-12,11584.9345703125,391.024169921875
2020-08-13,11784.1376953125,428.7417907714844
2020-08-14,11768.87109375,437.3978271484375
2020-08-17,12254.40234375,429.53125
2020-08-18,11991.2333984375,423.6693115234375
2020-08-19,11758.283203125,406.4637756347656
2020-08-20,11878.3720703125,416.4397888183594
2020-08-21,11592.4892578125,389.1263427734375
2020-08-24,11774.595703125,408.1441955566406
2020-08-25,11366.134765625,384.00103759765625
2020-08-26,11488.36328125,386.46612548828125
2020-08-27,11323.3974609375,382.63262939453125
2020-08-28,11542.5,395.8746643066406
2020-08-31,11680.8203125,435.0797424316406
2020-09-01,11970.478515625,477.0519104003906
2020-09-02,11414.0341796875,440.0404968261719
2020-09-03,10245.296875,385.67193603515625
2020-09-04,10511.8134765625,388.24114990234375
2020-09-07,10369.5634765625,352.6734924316406
2020-09-08,10131.5166015625,337.60211181640625
2020-09-09,10242.34765625,351.1100158691406
2020-09-10,10363.138671875,368.1018981933594
2020-09-11,10400.9150390625,374.6955871582031
2020-09-14,10680.837890625,377.26885986328125
2020-09-15,10796.951171875,364.8392028808594
2020-09-16,10974.9052734375,365.8122863769531
2020-09-17,10948.990234375,389.01922607421875
2020-09-18,10944.5859375,384.3645324707031
2020-09-21,10462.259765625,341.78607177734375
2020-09-22,10538.4599609375,344.503173828125
2020-09-23,10246.1865234375,321.1163024902344
2020-09-24,10760.06640625,349.3555908203125
2020-09-25,10692.716796875,352.1832580566406
2020-09-28,10709.65234375,355.159423828125
2020-09-29,10844.640625,359.75738525390625
2020-09-30,10784.4912109375,359.9378662109375
2020-10-01,10619.4521484375,353.2059020996094
2020-10-02,10575.974609375,346.2389221191406
2020-10-05,10793.33984375,353.956787109375
2020-10-06,10604.40625,340.81585693359375
2020-10-07,10668.96875,341.80865478515625
2020-10-08,10915.685546875,350.7661437988281
2020-10-09,11064.4580078125,365.5904846191406
2020-10-12,11555.36328125,387.73126220703125
2020-10-13,11425.8994140625,381.1907653808594
2020-10-14,11429.5068359375,379.4840393066406
2020-10-15,11495.349609375,377.44183349609375
2020-10-16,11322.123046875,366.22900390625
2020-10-19,11742.037109375,379.93560791015625
2020-10-20,11916.3349609375,369.13690185546875
2020-10-21,12823.689453125,392.1899719238281
2020-10-22,12965.8916015625,413.7729797363281
2020-10-23,12931.5390625,409.7666931152344
2020-10-26,13075.248046875,393.8883056640625
2020-10-27,13654.21875,403.9970397949219
2020-10-28,13271.28515625,388.6507568359375
2020-10-29,13437.8828125,386.7301025390625
2020-10-30,13546.5224609375,382.8199768066406
2020-11-02,13550.4892578125,383.15673828125
2020-11-03,13950.30078125,387.6021728515625
2020-11-04,14133.70703125,402.1419982910156
2020-11-05,15579.8486328125,414.0673522949219
2020-11-06,15565.880859375,454.71929931640625
2020-11-09,15332.3154296875,444.1630554199219
2020-11-10,15290.90234375,449.67962646484375
2020-11-11,15701.33984375,462.9605407714844
2020-11-12,16276.34375,461.0052795410156
2020-11-13,16317.80859375,474.6264343261719
2020-11-16,16716.111328125,459.9403076171875
2020-11-17,17645.40625,480.3600769042969
2020-11-18,17804.005859375,479.48406982421875
2020-11-19,17817.08984375,471.63043212890625
2020-11-20,18621.314453125,509.74456787109375
2020-11-23,18364.12109375,608.4540405273438
2020-11-24,19107.46484375,603.8977661132812
2020-11-25,18732.12109375,570.6866455078125
2020-11-26,17150.623046875,518.8011474609375
2020-11-27,17108.40234375,517.4937133789062
2020-11-30,19625.8359375,614.842529296875
2020-12-01,18802.998046875,587.3241577148438
2020-12-02,19201.091796875,598.3523559570312
2020-12-03,19445.3984375,616.708740234375
2020-12-04,18699.765625,569.3541870117188
2020-12-07,19191.630859375,591.8433837890625
2020-12-08,18321.14453125,554.8277587890625
2020-12-09,18553.916015625,573.4791259765625
2020-12-10,18264.9921875,559.6785278320312
2020-12-11,18058.904296875,545.79736328125
2020-12-14,19246.64453125,586.0111694335938
2020-12-15,19417.076171875,589.3555908203125
2020-12-16,21310.59765625,636.1818237304688
2020-12-17,22805.162109375,642.8689575195312
2020-12-18,23137.9609375,654.8119506835938
2020-12-21,22803.08203125,609.81787109375
2020-12-22,23783.029296875,634.8541870117188
2020-12-23,23241.345703125,583.714599609375
2020-12-24,23735.94921875,611.607177734375
2020-12-25,24664.791015625,626.4107055664062
2020-12-28,27084.80859375,730.3973388671875
2020-12-29,27362.4375,731.5201416015625
2020-12-30,28840.953125,751.6189575195312
2020-12-31,29001.720703125,737.8034057617188
2021-01-01,29374.15234375,730.3675537109375
2021-01-04,31971.9140625,1040.2330322265625
2021-01-05,33992.4296875,1100.006103515625
2021-01-06,36824.36328125,1207.1121826171875
2021-01-07,39371.04296875,1225.6781005859375
2021-01-08,40797.609375,1224.1971435546875
2021-01-11,35566.65625,1090.1453857421875
2021-01-12,33922.9609375,1043.4345703125
2021-01-13,37316.359375,1130.7393798828125
2021-01-14,39187.328125,1218.4530029296875
2021-01-15,36825.3671875,1171.8345947265625
2021-01-18,36630.07421875,1257.279541015625
2021-01-19,36069.8046875,1377.2958984375
2021-01-20,35547.75,1382.2740478515625
2021-01-21,30825.69921875,1121.5709228515625
2021-01-22,33005.76171875,1236.51220703125
2021-01-25,32366.392578125,1324.414794921875
2021-01-26,32569.849609375,1357.05810546875
2021-01-27,30432.546875,1253.1871337890625
2021-01-28,33466.09765625,1332.4921875
2021-01-29,34316.38671875,1382.5228271484375
2021-02-01,33537.17578125,1369.04052734375
2021-02-02,35510.2890625,1515.1937255859375
2021-02-03,37472.08984375,1660.9095458984375
2021-02-04,36926.06640625,1594.7626953125
2021-02-05,38144.30859375,1718.65087890625
2021-02-08,46196.46484375,1746.6168212890625
2021-02-09,46481.10546875,1768.0350341796875
2021-02-10,44918.18359375,1744.243408203125
2021-02-11,47909.33203125,1783.7979736328125
2021-02-12,47504.8515625,1843.5325927734375
2021-02-15,47945.05859375,1779.791015625
2021-02-16,49199.87109375,1781.0675048828125
2021-02-17,52149.0078125,1848.458251953125
2021-02-18,51679.796875,1937.44921875
2021-02-19,55888.1328125,1960.164794921875
2021-02-22,54207.3203125,1781.992919921875
2021-02-23,48824.42578125,1570.2039794921875
2021-02-24,49705.33203125,1626.57568359375
2021-02-25,47093.8515625,1475.7037353515625
2021-02-26,46339.76171875,1446.03369140625
2021-03-01,49631.2421875,1564.7076416015625
2021-03-02,48378.98828125,1492.6087646484375
2021-03-03,50538.2421875,1575.8531494140625
2021-03-04,48561.16796875,1541.914306640625
2021-03-05,48927.3046875,1533.2750244140625
2021-03-08,52246.5234375,1834.7279052734375
2021-03-09,54824.1171875,1868.048828125
2021-03-10,56008.55078125,1799.166259765625
2021-03-11,57805.12109375,1826.1949462890625
2021-03-12,57332.08984375,1772.1024169921875
2021-03-15,55907.19921875,1791.7022705078125
2021-03-16,56804.90234375,1806.9718017578125
2021-03-17,58870.89453125,1823.4493408203125
2021-03-18,57858.921875,1782.8551025390625
2021-03-19,58346.65234375,1817.6241455078125
2021-03-22,54529.14453125,1691.333984375
2021-03-23,54738.9453125,1678.650146484375
2021-03-24,52774.265625,1593.4134521484375
2021-03-25,51704.16015625,1595.3592529296875
2021-03-26,55137.3125,1702.842041015625
2021-03-29,57750.19921875,1819.6849365234375
2021-03-30,58917.69140625,1846.03369140625
2021-03-31,58918.83203125,1918.362060546875
2021-04-01,59095.80859375,1977.27685546875
2021-04-02,59384.3125,2143.2255859375
2021-04-05,59057.87890625,2107.88720703125
2021-04-06,58192.359375,2118.37890625
2021-04-07,56048.9375,1971.0772705078125
2021-04-08,58323.953125,2088.57373046875
2021-04-09,58245.00390625,2072.10888671875
2021-04-12,59893.453125,2139.353271484375
2021-04-13,63503.45703125,2299.187744140625
2021-04-14,63109.6953125,2435.10498046875
2021-04-15,63314.01171875,2519.1162109375
2021-04-16,61572.7890625,2431.946533203125
2021-04-19,55724.265625,2166.188720703125
2021-04-20,56473.03125,2330.2109375
2021-04-21,53906.08984375,2364.751708984375
2021-04-22,51762.2734375,2403.53515625
2021-04-23,51093.65234375,2363.586181640625
2021-04-26,54021.75390625,2534.481689453125
2021-04-27,55033.1171875,2662.865234375
2021-04-28,54824.703125,2746.380126953125
2021-04-29,53555.109375,2756.876953125
2021-04-30,57750.17578125,2773.20703125
2021-05-03,57200.29296875,3431.086181640625
2021-05-04,53333.5390625,3253.62939453125
2021-05-05,57424.0078125,3522.783203125
2021-05-06,56396.515625,3490.88037109375
2021-05-07,57356.40234375,3484.72900390625
2021-05-10,55859.796875,3952.2939453125
2021-05-11,56704.57421875,4168.701171875
2021-05-12,49150.53515625,3785.8486328125
2021-05-13,49716.19140625,3715.1484375
2021-05-14,49880.53515625,4079.057373046875
2021-05-17,43537.51171875,3282.397705078125
2021-05-18,42909.40234375,3380.070068359375
2021-05-19,37002.44140625,2460.67919921875
2021-05-20,40782.73828125,2784.294189453125
2021-05-21,37304.69140625,2430.621337890625
2021-05-24,38705.98046875,2643.591064453125
2021-05-25,38402.22265625,2706.62890625
2021-05-26,39294.19921875,2888.69873046875
2021-05-27,38436.96875,2736.488525390625
2021-05-28,35697.60546875,2419.90625
2021-05-31,37332.85546875,2714.9453125
2021-06-01,36684.92578125,2633.518310546875
2021-06-02,37575.1796875,2706.125
2021-06-03,39208.765625,2855.12646484375
2021-06-04,36894.40625,2688.195068359375
2021-06-07,33560.70703125,2590.26318359375
2021-06-08,33472.6328125,2517.438720703125
2021-06-09,37345.12109375,2608.26708984375
2021-06-10,36702.59765625,2471.5185546875
2021-06-11,37334.3984375,2353.768798828125
2021-06-14,40218.4765625,2537.89111328125
2021-06-15,40406.26953125,2610.936767578125
2021-06-16,38347.0625,2367.66357421875
2021-06-17,38053.50390625,2372.001953125
2021-06-18,35787.24609375,2231.733154296875
2021-06-21,31676.693359375,1888.447509765625
2021-06-22,32505.66015625,1874.9500732421875
2021-06-23,33723.02734375,1989.736328125
2021-06-24,34662.4375,1988.456298828125
2021-06-25,31637.779296875,1813.21728515625
2021-06-28,34434.3359375,2079.657470703125
2021-06-29,35867.77734375,2160.768310546875
2021-06-30,35040.8359375,2274.547607421875
2021-07-01,33572.1171875,2113.60546875
2021-07-02,33897.046875,2150.040283203125
2021-07-05,33746.00390625,2198.58251953125
2021-07-06,34235.1953125,2324.679443359375
2021-07-07,33855.328125,2315.161865234375
2021-07-08,32877.37109375,2120.0263671875
2021-07-09,33798.01171875,2146.6923828125
2021-07-12,33155.84765625,2036.7210693359375
2021-07-13,32702.025390625,1940.083984375
2021-07-14,32822.34765625,1994.331298828125
2021-07-15,31780.73046875,1911.1756591796875
2021-07-16,31421.5390625,1880.3829345703125
2021-07-19,30817.83203125,1817.296630859375
2021-07-20,29807.34765625,1787.5107421875
2021-07-21,32110.693359375,1990.9708251953125
2021-07-22,32313.10546875,2025.2027587890625
2021-07-23,33581.55078125,2124.776611328125
2021-07-26,37337.53515625,2233.36669921875
2021-07-27,39406.94140625,2298.33349609375
2021-07-28,39995.90625,2296.54541015625
2021-07-29,40008.421875,2380.956787109375
2021-07-30,42235.546875,2466.96142578125
2021-08-02,39201.9453125,2610.1533203125
2021-08-03,38152.98046875,2502.349609375
2021-08-04,39747.50390625,2724.619873046875
2021-08-05,40869.5546875,2827.328857421875
2021-08-06,42816.5,2890.941650390625
2021-08-09,46365.40234375,3167.856201171875
2021-08-10,45585.03125,3141.691162109375
2021-08-11,45593.63671875,3164.2451171875
2021-08-12,44428.2890625,3043.414306640625
2021-08-13,47793.3203125,3322.211669921875
2021-08-16,46004.484375,3156.509521484375
2021-08-17,44695.359375,3014.845947265625
2021-08-18,44801.1875,3020.08984375
2021-08-19,46717.578125,3182.7021484375
2021-08-20,49339.17578125,3286.935302734375
2021-08-23,49546.1484375,3319.25732421875
2021-08-24,47706.1171875,3172.456298828125
2021-08-25,48960.7890625,3224.915283203125
2021-08-26,46942.21875,3100.325439453125
2021-08-27,49058.66796875,3270.600830078125
2021-08-30,47054.984375,3224.374267578125
2021-08-31,47166.6875,3433.732666015625
2021-09-01,48847.02734375,3834.828125
2021-09-02,49327.72265625,3790.989990234375
2021-09-03,50025.375,3940.61474609375
2021-09-06,52633.53515625,3928.37939453125
2021-09-07,46811.12890625,3426.394287109375
2021-09-08,46091.390625,3497.315185546875
2021-09-09,46391.421875,3427.340087890625
2021-09-10,44883.91015625,3211.505859375
2021-09-13,44963.07421875,3285.51171875
2021-09-14,47092.4921875,3429.169677734375
2021-09-15,48176.34765625,3615.28271484375
2021-09-16,47783.359375,3571.294921875
2021-09-17,47267.51953125,3398.538818359375
2021-09-20,42843.80078125,2958.993408203125
2021-09-21,40693.67578125,2764.43115234375
2021-09-22,43574.5078125,3077.867919921875
2021-09-23,44895.09765625,3155.523681640625
2021-09-24,42839.75,2931.669189453125
2021-09-27,42235.73046875,2934.138916015625
2021-09-28,41034.54296875,2807.296630859375
2021-09-29,41564.36328125,2853.143310546875
2021-09-30,43790.89453125,3001.678955078125
2021-10-01,48116.94140625,3307.51611328125
2021-10-04,49112.90234375,3380.089111328125
2021-10-05,51514.8125,3518.5185546875
2021-10-06,55361.44921875,3580.56201171875
2021-10-07,53805.984375,3587.974853515625
2021-10-08,53967.84765625,3563.75927734375
2021-10-11,57484.7890625,3545.35400390625
2021-10-12,56041.05859375,3492.5732421875
2021-10-13,57401.09765625,3606.20166015625
2021-10-14,57321.5234375,3786.01416015625
2021-10-15,61593.94921875,3862.634765625
2021-10-18,62026.078125,3748.76025390625
2021-10-19,64261.9921875,3877.65087890625
2021-10-20,65992.8359375,4155.9921875
2021-10-21,62210.171875,4054.32275390625
2021-10-22,60692.265625,3970.181884765625
2021-10-25,63039.82421875,4217.876953125
2021-10-26,60363.79296875,4131.10205078125
2021-10-27,58482.38671875,3930.25732421875
2021-10-28,60622.13671875,4287.31884765625
2021-10-29,62227.96484375,4414.74658203125
2021-11-01,61004.40625,4324.626953125
2021-11-02,63226.40234375,4584.798828125
2021-11-03,62970.046875,4607.19384765625
2021-11-04,61452.23046875,4537.32421875
2021-11-05,61125.67578125,4486.2431640625
2021-11-08,67566.828125,4812.08740234375
2021-11-09,66971.828125,4735.06884765625
2021-11-10,64995.23046875,4636.17431640625
2021-11-11,64949.9609375,4730.38427734375
2021-11-12,64155.94140625,4667.115234375
2021-11-15,63557.87109375,4557.50390625
2021-11-16,60161.24609375,4216.365234375
2021-11-17,60368.01171875,4287.59375
2021-11-18,56942.13671875,4000.65087890625
2021-11-19,58119.578125,4298.306640625
2021-11-22,56289.2890625,4088.457763671875
2021-11-23,57569.07421875,4340.763671875
2021-11-24,56280.42578125,4239.9814453125
2021-11-25,57274.6796875,4274.7431640625
2021-11-26,53569.765625,4030.908935546875
2021-11-29,57806.56640625,4445.10498046875
2021-11-30,57005.42578125,4631.47900390625
2021-12-01,57229.828125,4586.990234375
2021-12-02,56477.81640625,4511.30224609375
2021-12-03,53598.24609375,4220.7060546875
2021-12-06,50582.625,4358.7373046875
2021-12-07,50700.0859375,4315.0615234375
2021-12-08,50504.796875,4439.35791015625
2021-12-09,47672.12109375,4119.81591796875
2021-12-10,47243.3046875,3908.49609375
2021-12-13,46737.48046875,3784.226806640625
2021-12-14,46612.6328125,3745.4404296875
2021-12-15,48896.72265625,4018.388671875
2021-12-16,47665.42578125,3962.4697265625
2021-12-17,46202.14453125,3879.486572265625
2021-12-20,46880.27734375,3933.844482421875
2021-12-21,48936.61328125,4020.260009765625
2021-12-22,48628.51171875,3982.099609375
2021-12-23,50784.5390625,4108.015625
2021-12-24,50822.1953125,4047.98291015625
2021-12-27,50640.41796875,4037.547607421875
2021-12-28,47588.85546875,3800.89306640625
2021-12-29,46444.7109375,3628.53173828125
2021-12-30,47178.125,3713.85205078125
2021-12-31,46306.4453125,3682.6328125
2022-01-03,46458.1171875,3761.38037109375
2022-01-04,45897.57421875,3794.056640625
2022-01-05,43569.00390625,3550.386962890625
2022-01-06,43160.9296875,3418.408203125
2022-01-07,41557.90234375,3193.21044921875
2022-01-10,41821.26171875,3083.097900390625
2022-01-11,42735.85546875,3238.111572265625
2022-01-12,43949.1015625,3372.25830078125
2022-01-13,42591.5703125,3248.28857421875
2022-01-14,43099.69921875,3310.00146484375
2022-01-17,42250.55078125,3212.304931640625
2022-01-18,42375.6328125,3164.025146484375
2022-01-19,41744.328125,3095.825927734375
2022-01-20,40680.41796875,3001.1201171875
2022-01-21,36457.31640625,2557.931640625
2022-01-24,36654.328125,2440.352294921875
2022-01-25,36954.00390625,2455.93505859375
2022-01-26,36852.12109375,2468.0302734375
2022-01-27,37138.234375,2423.001220703125
2022-01-28,37784.33203125,2547.092041015625
2022-01-31,38483.125,2688.27880859375
2022-02-01,38743.2734375,2792.1171875
2022-02-02,36952.984375,2682.85400390625
2022-02-03,37154.6015625,2679.16259765625
2022-02-04,41500.875,2983.5869140625
2022-02-07,43840.28515625,3142.470703125
2022-02-08,44118.4453125,3122.608642578125
2022-02-09,44338.796875,3239.45703125
2022-02-10,43565.11328125,3077.482177734375
2022-02-11,42407.9375,2927.383544921875
2022-02-14,42586.91796875,2933.47900390625
2022-02-15,44575.203125,3179.877197265625
2022-02-16,43961.859375,3127.830078125
2022-02-17,40538.01171875,2881.48193359375
2022-02-18,40030.9765625,2785.7275390625
2022-02-21,37075.28125,2573.816162109375
2022-02-22,38286.02734375,2639.29931640625
2022-02-23,37296.5703125,2590.359619140625
2022-02-24,38332.609375,2598.067138671875
2022-02-25,39214.21875,2764.53564453125
2022-02-28,43193.234375,2919.201171875
2022-03-01,44354.63671875,2972.485107421875
2022-03-02,43924.1171875,2950.118408203125
2022-03-03,42451.7890625,2834.468994140625
2022-03-04,39137.60546875,2617.156005859375
2022-03-07,38062.0390625,2497.771240234375
2022-03-08,38737.26953125,2576.74755859375
2022-03-09,41982.92578125,2729.783447265625
2022-03-10,39437.4609375,2608.048583984375
2022-03-11,38794.97265625,2559.56298828125
2022-03-14,39666.75390625,2590.696044921875
2022-03-15,39338.78515625,2620.149658203125
2022-03-16,41143.9296875,2772.0556640625
2022-03-17,40951.37890625,2814.8544921875
2022-03-18,41801.15625,2945.343017578125
2022-03-21,41077.99609375,2897.9765625
2022-03-22,42358.80859375,2973.131103515625
2022-03-23,42892.95703125,3031.067138671875
2022-03-24,43960.93359375,3108.06201171875
2022-03-25,44348.73046875,3106.67138671875
2022-03-28,47128.00390625,3336.634521484375
2022-03-29,47465.73046875,3401.98779296875
2022-03-30,47062.6640625,3385.157958984375
2022-03-31,45538.67578125,3281.642822265625
2022-04-01,46281.64453125,3449.55224609375
2022-04-04,46622.67578125,3521.2412109375
2022-04-05,45555.9921875,3411.79248046875
2022-04-06,43206.73828125,3171.69189453125
2022-04-07,43503.84765625,3233.274658203125
2022-04-08,42287.6640625,3192.073974609375
2022-04-11,39521.90234375,2981.05224609375
2022-04-12,40127.18359375,3030.37646484375
2022-04-13,41166.73046875,3118.34423828125
2022-04-14,39935.515625,3019.909423828125
2022-04-15,40553.46484375,3040.91650390625
2022-04-18,40826.21484375,3057.606689453125
2022-04-19,41502.75,3104.1064453125
2022-04-20,41374.37890625,3077.745849609375
2022-04-21,40527.36328125,2987.480712890625
2022-04-22,39740.3203125,2964.835693359375
2022-04-25,40458.30859375,3009.3935546875
2022-04-26,38117.4609375,2808.29833984375
2022-04-27,39241.12109375,2888.9296875
2022-04-28,39773.828125,2936.94091796875
2022-04-29,38609.82421875,2815.601806640625
2022-05-02,38529.328125,2857.410400390625
2022-05-03,37750.453125,2783.476318359375
2022-05-04,39698.37109375,2940.644775390625
2022-05-05,36575.140625,2749.213134765625
2022-05-06,36040.921875,2694.979736328125
2022-05-09,30296.953125,2245.430419921875
2022-05-10,31022.90625,2343.510986328125
2022-05-11,28936.35546875,2072.108642578125
2022-05-12,29047.751953125,1961.7015380859375
2022-05-13,29283.103515625,2014.418212890625
2022-05-16,29862.91796875,2022.7259521484375
2022-05-17,30425.857421875,2090.4091796875
2022-05-18,28720.271484375,1916.6561279296875
2022-05-19,30314.333984375,2018.336181640625
2022-05-20,29200.740234375,1961.315673828125
2022-05-23,29098.91015625,1972.181884765625
2022-05-24,29655.5859375,1978.9827880859375
2022-05-25,29562.361328125,1944.827880859375
2022-05-26,29267.224609375,1803.913330078125
2022-05-27,28627.57421875,1724.9228515625
2022-05-30,31726.390625,1996.4412841796875
2022-05-31,31792.310546875,1942.3280029296875
2022-06-01,29799.080078125,1823.5693359375
2022-06-02,30467.48828125,1834.1505126953125
2022-06-03,29704.390625,1775.07861328125
2022-06-06,31370.671875,1859.2896728515625
2022-06-07,31155.478515625,1814.04833984375
2022-06-08,30214.35546875,1793.572265625
2022-06-09,30111.998046875,1789.8260498046875
2022-06-10,29083.8046875,1665.042236328125
2022-06-13,22487.388671875,1204.582763671875
2022-06-14,22206.79296875,1211.662841796875
2022-06-15,22572.83984375,1233.2064208984375
2022-06-16,20381.650390625,1067.730712890625
2022-06-17,20471.482421875,1086.519287109375
2022-06-20,20599.537109375,1127.6424560546875
2022-06-21,20710.59765625,1124.8245849609375
2022-06-22,19987.029296875,1051.421875
2022-06-23,21085.876953125,1143.38671875
2022-06-24,21231.65625,1226.8447265625
2022-06-27,20735.478515625,1193.6806640625
2022-06-28,20280.634765625,1144.5792236328125
2022-06-29,20104.0234375,1098.94384765625
2022-06-30,19784.7265625,1067.298828125
2022-07-01,19269.3671875,1059.767333984375
2022-07-04,20231.26171875,1151.05908203125
2022-07-05,20190.115234375,1134.541015625
2022-07-06,20548.24609375,1186.9739990234375
2022-07-07,21637.587890625,1237.5933837890625
2022-07-08,21731.1171875,1222.5062255859375
2022-07-11,19970.556640625,1097.236572265625
2022-07-12,19323.9140625,1038.191650390625
2022-07-13,20212.07421875,1113.587158203125
2022-07-14,20569.919921875,1191.5262451171875
2022-07-15,20836.328125,1233.129150390625
2022-07-18,22485.689453125,1578.7178955078125
2022-07-19,23389.43359375,1542.9752197265625
2022-07-20,23231.732421875,1520.20068359375
2022-07-21,23164.62890625,1576.74951171875
2022-07-22,22714.978515625,1537.4051513671875
2022-07-25,21361.701171875,1445.3834228515625
2022-07-26,21239.75390625,1441.8067626953125
2022-07-27,22930.548828125,1636.232666015625
2022-07-28,23843.88671875,1725.4681396484375
2022-07-29,23804.6328125,1727.406982421875
2022-08-01,23314.19921875,1635.19580078125
2022-08-02,22978.1171875,1632.9454345703125
2022-08-03,22846.5078125,1618.87451171875
2022-08-04,22630.95703125,1608.205810546875
2022-08-05,23289.314453125,1732.254638671875
2022-08-08,23809.486328125,1775.51611328125
2022-08-09,23164.318359375,1703.0250244140625
2022-08-10,23947.642578125,1851.74267578125
2022-08-11,23957.529296875,1881.22412109375
2022-08-12,24402.818359375,1957.2464599609375
2022-08-15,24136.97265625,1904.2281494140625
2022-08-16,23883.291015625,1878.139404296875
2022-08-17,23335.998046875,1832.9996337890625
2022-08-18,23212.73828125,1847.0078125
2022-08-19,20877.552734375,1612.9873046875
2022-08-22,21398.908203125,1622.505859375
2022-08-23,21528.087890625,1662.7698974609375
2022-08-24,21395.01953125,1657.0592041015625
2022-08-25,21600.904296875,1696.45703125
2022-08-26,20260.01953125,1507.7828369140625
2022-08-29,20297.994140625,1553.037353515625
2022-08-30,19796.80859375,1523.8388671875
2022-08-31,20049.763671875,1553.6849365234375
2022-09-01,20127.140625,1586.1767578125
2022-09-02,19969.771484375,1577.220458984375
2022-09-05,19812.37109375,1617.1832275390625
2022-09-06,18837.66796875,1561.74853515625
2022-09-07,19290.32421875,1629.9063720703125
2022-09-08,19329.833984375,1635.34765625
2022-09-09,21381.15234375,1719.08544921875
2022-09-12,22370.44921875,1713.7652587890625
2022-09-13,20296.70703125,1580.7879638671875
2022-09-14,20241.08984375,1634.7550048828125
2022-09-15,19701.2109375,1471.6934814453125
2022-09-16,19772.583984375,1432.44775390625
2022-09-19,19544.12890625,1377.5413818359375
2022-09-20,18890.7890625,1324.38818359375
2022-09-21,18547.400390625,1252.6077880859375
2022-09-22,19413.55078125,1327.68017578125
2022-09-23,19297.638671875,1328.259521484375
2022-09-26,19222.671875,1335.3201904296875
2022-09-27,19110.546875,1330.127685546875
2022-09-28,19426.720703125,1337.410888671875
2022-09-29,19573.05078125,1335.65234375
2022-09-30,19431.7890625,1327.9786376953125
2022-10-03,19623.580078125,1323.439208984375
2022-10-04,20336.84375,1362.1265869140625
2022-10-05,20160.716796875,1352.837158203125
2022-10-06,19955.443359375,1351.70947265625
2022-10-07,19546.849609375,1332.5169677734375
2022-10-10,19141.484375,1291.337646484375
2022-10-11,19051.41796875,1279.57568359375
2022-10-12,19157.4453125,1294.9063720703125
2022-10-13,19382.904296875,1288.1239013671875
2022-10-14,19185.65625,1297.422119140625
2022-10-17,19550.7578125,1331.713623046875
2022-10-18,19334.416015625,1310.447021484375
2022-10-19,19139.53515625,1285.7442626953125
2022-10-20,19053.740234375,1283.200927734375
2022-10-21,19172.46875,1299.9464111328125
2022-10-24,19345.572265625,1344.99853515625
2022-10-25,20095.857421875,1461.6654052734375
2022-10-26,20770.44140625,1566.566650390625
2022-10-27,20285.8359375,1514.3748779296875
2022-10-28,20595.3515625,1555.4779052734375
2022-10-31,20495.7734375,1572.7144775390625
2022-11-01,20485.2734375,1579.70458984375
2022-11-02,20159.50390625,1519.7117919921875
2022-11-03,20209.98828125,1531.541748046875
2022-11-04,21147.23046875,1645.0933837890625
2022-11-07,20602.81640625,1568.59130859375
2022-11-08,18541.271484375,1332.8355712890625
2022-11-09,15880.7802734375,1100.1697998046875
2022-11-10,17586.771484375,1299.464599609375
2022-11-11,17034.29296875,1287.2210693359375
2022-11-14,16618.19921875,1241.604248046875
2022-11-15,16884.61328125,1251.7362060546875
2022-11-16,16669.439453125,1215.6025390625
2022-11-17,16687.517578125,1200.80859375
2022-11-18,16697.77734375,1212.30029296875
2022-11-21,15787.2841796875,1108.35302734375
2022-11-22,16189.76953125,1135.1734619140625
2022-11-23,16610.70703125,1183.1995849609375
2022-11-24,16604.46484375,1203.983154296875
2022-11-25,16521.841796875,1198.9259033203125
2022-11-28,16217.322265625,1170.086181640625
2022-11-29,16444.982421875,1216.9012451171875
2022-11-30,17168.56640625,1295.6885986328125
2022-12-01,16967.1328125,1276.27392578125
2022-12-02,17088.66015625,1294.3033447265625
2022-12-05,16974.826171875,1259.6767578125
2022-12-06,17089.50390625,1271.65380859375
2022-12-07,16848.126953125,1232.4375
2022-12-08,17233.474609375,1281.1163330078125
2022-12-09,17133.15234375,1264.2847900390625
2022-12-12,17206.4375,1274.6190185546875
2022-12-13,17781.318359375,1320.5491943359375
2022-12-14,17815.650390625,1309.3287353515625
2022-12-15,17364.865234375,1266.3538818359375
2022-12-16,16647.484375,1168.2593994140625
2022-12-19,16439.6796875,1167.60986328125
2022-12-20,16906.3046875,1217.70361328125
2022-12-21,16817.53515625,1213.5999755859375
2022-12-22,16830.341796875,1218.18212890625
2022-12-23,16796.953125,1220.159423828125
2022-12-26,16919.8046875,1226.974365234375
2022-12-27,16717.173828125,1212.7916259765625
2022-12-28,16552.572265625,1189.986083984375
2022-12-29,16642.341796875,1201.5953369140625
2022-12-30,16602.5859375,1199.2327880859375
2023-01-02,16688.470703125,1214.6566162109375
2023-01-03,16679.857421875,1214.77880859375
2023-01-04,16863.23828125,1256.526611328125
2023-01-05,16836.736328125,1250.4385986328125
2023-01-06,16951.96875,1269.3790283203125
2023-01-09,17196.5546875,1321.5389404296875
2023-01-10,17446.29296875,1336.5860595703125
2023-01-11,17934.896484375,1387.9327392578125
2023-01-12,18869.587890625,1417.9384765625
2023-01-13,19909.57421875,1451.6148681640625
2023-01-16,21169.6328125,1576.83349609375
2023-01-17,21161.51953125,1567.8460693359375
2023-01-18,20688.78125,1515.5069580078125
2023-01-19,21086.79296875,1552.5565185546875
2023-01-20,22676.552734375,1659.754150390625
2023-01-23,22934.431640625,1628.2510986328125
2023-01-24,22636.46875,1556.604248046875
2023-01-25,23117.859375,1611.7110595703125
2023-01-26,23032.77734375,1603.10595703125
2023-01-27,23078.728515625,1598.156494140625
2023-01-30,22840.138671875,1567.3265380859375
2023-01-31,23139.283203125,1586.535400390625
2023-02-01,23723.76953125,1641.792724609375
2023-02-02,23471.87109375,1643.2415771484375
2023-02-03,23449.322265625,1664.74560546875
2023-02-06,22760.109375,1616.2470703125
2023-02-07,23264.291015625,1672.0035400390625
2023-02-08,22939.3984375,1650.716796875
2023-02-09,21819.0390625,1546.438232421875
2023-02-10,21651.18359375,1514.869140625
2023-02-13,21808.1015625,1507.1658935546875
2023-02-14,22220.8046875,1556.8751220703125
2023-02-15,24307.841796875,1673.7459716796875
2023-02-16,23623.474609375,1640.067626953125
2023-02-17,24565.6015625,1694.7833251953125
2023-02-20,24829.1484375,1702.6751708984375
2023-02-21,24436.353515625,1658.036376953125
2023-02-22,24188.84375,1643.231689453125
2023-02-23,23947.4921875,1651.0738525390625
2023-02-24,23198.126953125,1608.3731689453125
2023-02-27,23522.87109375,1634.326416015625
2023-02-28,23147.353515625,1605.8951416015625
2023-03-01,23646.55078125,1663.4337158203125
2023-03-02,23475.466796875,1647.3193359375
2023-03-03,22362.6796875,1569.1676025390625
2023-03-06,22429.7578125,1567.398681640625
2023-03-07,22219.76953125,1561.93310546875
2023-03-08,21718.080078125,1534.0882568359375
2023-03-09,20363.021484375,1438.6607666015625
2023-03-10,20187.244140625,1429.1580810546875
2023-03-13,24197.533203125,1680.3089599609375
2023-03-14,24746.07421875,1703.507080078125
2023-03-15,24375.9609375,1656.1805419921875
2023-03-16,25052.7890625,1677.2154541015625
2023-03-17,27423.9296875,1792.485107421875
2023-03-20,27767.236328125,1735.3212890625
2023-03-21,28175.81640625,1806.7607421875
2023-03-22,27307.4375,1737.717041015625
2023-03-23,28333.97265625,1816.4051513671875
2023-03-24,27493.28515625,1752.0447998046875
2023-03-27,27139.888671875,1715.4608154296875
2023-03-28,27268.130859375,1772.78564453125
2023-03-29,28348.44140625,1793.0018310546875
2023-03-30,28033.5625,1792.7371826171875
2023-03-31,28478.484375,1822.0220947265625
2023-04-03,27790.220703125,1810.297119140625
2023-04-04,28168.08984375,1871.005126953125
2023-04-05,28177.984375,1909.114013671875
2023-04-06,28044.140625,1872.922607421875
2023-04-07,27925.859375,1865.6361083984375
2023-04-10,29652.98046875,1911.20751953125
2023-04-11,30235.05859375,1892.189697265625
2023-04-12,30139.052734375,1920.68212890625
2023-04-13,30399.06640625,2012.6346435546875
2023-04-14,30485.69921875,2101.635498046875
2023-04-17,29445.044921875,2076.242919921875
2023-04-18,30397.552734375,2104.537353515625
2023-04-19,28822.6796875,1936.4034423828125
2023-04-20,28245.98828125,1943.09765625
2023-04-21,27276.91015625,1849.9998779296875
2023-04-24,27525.33984375,1842.7574462890625
2023-04-25,28307.59765625,1866.753662109375
2023-04-26,28422.701171875,1866.564208984375
2023-04-27,29473.787109375,1908.786376953125
2023-04-28,29340.26171875,1892.5128173828125
2023-05-01,28091.568359375,1831.954833984375
2023-05-02,28680.537109375,1870.789306640625
2023-05-03,29006.30859375,1904.65185546875
2023-05-04,28847.7109375,1877.7041015625
2023-05-05,29534.384765625,1995.0609130859375
2023-05-08,27694.2734375,1849.042724609375
2023-05-09,27658.775390625,1848.6031494140625
2023-05-10,27621.755859375,1842.4014892578125
2023-05-11,27000.7890625,1796.4906005859375
2023-05-12,26804.990234375,1808.019775390625
2023-05-15,27192.693359375,1817.5499267578125
2023-05-16,27036.650390625,1824.1214599609375
2023-05-17,27398.802734375,1821.859619140625
2023-05-18,26832.208984375,1801.728515625
2023-05-19,26890.12890625,1812.5894775390625
2023-05-22,26851.27734375,1817.5347900390625
2023-05-23,27225.7265625,1854.380615234375
2023-05-24,26334.818359375,1800.0999755859375
2023-05-25,26476.20703125,1805.9537353515625
2023-05-26,26719.291015625,1828.689697265625
2023-05-29,27745.884765625,1893.078125
2023-05-30,27702.349609375,1901.026611328125
2023-05-31,27219.658203125,1874.1304931640625
2023-06-01,26819.97265625,1862.201416015625
2023-06-02,27249.58984375,1907.256591796875
2023-06-05,25760.09765625,1811.828369140625
2023-06-06,27238.783203125,1884.494873046875
2023-06-07,26345.998046875,1832.39599609375
2023-06-08,26508.216796875,1846.3018798828125
2023-06-09,26480.375,1840.2252197265625
2023-06-12,25902.5,1742.5286865234375
2023-06-13,25918.728515625,1739.03759765625
2023-06-14,25124.67578125,1650.519287109375
2023-06-15,25576.39453125,1665.519775390625
2023-06-16,26327.462890625,1716.6688232421875
2023-06-19,26851.029296875,1737.659423828125
2023-06-20,28327.48828125,1792.1199951171875
2023-06-21,30027.296875,1891.0072021484375
2023-06-22,29912.28125,1872.9429931640625
2023-06-23,30695.46875,1892.862060546875
2023-06-26,30271.130859375,1859.432861328125
2023-06-27,30688.1640625,1889.703369140625
2023-06-28,30086.24609375,1827.97119140625
2023-06-29,30445.3515625,1852.227294921875
2023-06-30,30477.251953125,1933.18896484375
2023-07-03,31156.439453125,1955.38916015625
2023-07-04,30777.58203125,1936.633544921875
2023-07-05,30514.166015625,1910.5880126953125
2023-07-06,29909.337890625,1848.636474609375
2023-07-07,30342.265625,1870.6025390625
2023-07-10,30414.470703125,1880.556396484375
2023-07-11,30620.951171875,1878.3360595703125
2023-07-12,30391.646484375,1872.11376953125
2023-07-13,31476.048828125,2006.511474609375
2023-07-14,30334.068359375,1939.3470458984375
2023-07-17,30145.888671875,1911.6461181640625
2023-07-18,29856.5625,1897.5992431640625
2023-07-19,29913.923828125,1889.0079345703125
2023-07-20,29792.015625,1890.9691162109375
2023-07-21,29908.744140625,1892.080078125
2023-07-24,29176.916015625,1850.0020751953125
2023-07-25,29227.390625,1857.741943359375
2023-07-26,29354.97265625,1872.159912109375
2023-07-27,29210.689453125,1860.357177734375
2023-07-28,29319.24609375,1874.744873046875
2023-07-31,29230.111328125,1856.162353515625
2023-08-01,29675.732421875,1871.7921142578125
2023-08-02,29151.958984375,1839.0897216796875
2023-08-03,29178.6796875,1835.136474609375
2023-08-04,29074.091796875,1827.712890625
2023-08-07,29180.578125,1826.9388427734375
2023-08-08,29765.4921875,1855.807373046875
2023-08-09,29561.494140625,1854.297607421875
2023-08-10,29429.591796875,1850.75341796875
2023-08-11,29397.71484375,1847.1243896484375
2023-08-14,29408.443359375,1844.185791015625
2023-08-15,29170.34765625,1826.9327392578125
2023-08-16,28701.779296875,1805.6590576171875
2023-08-17,26664.55078125,1684.9334716796875
2023-08-18,26049.556640625,1660.945068359375
2023-08-21,26124.140625,1667.26904296875
2023-08-22,26031.65625,1633.892578125
2023-08-23,26431.640625,1679.2744140625
2023-08-24,26162.373046875,1659.944580078125
2023-08-25,26047.66796875,1652.93505859375
2023-08-28,26106.150390625,1652.4573974609375
2023-08-29,27727.392578125,1729.7257080078125
2023-08-30,27297.265625,1705.1121826171875
2023-08-31,25931.47265625,1645.63916015625
2023-09-01,25800.724609375,1628.4912109375
2023-09-04,25812.416015625,1629.6552734375
2023-09-05,25779.982421875,1633.62939453125
2023-09-06,25753.236328125,1632.2523193359375
2023-09-07,26240.1953125,1647.5982666015625
2023-09-08,25905.654296875,1636.1378173828125
2023-09-11,25162.654296875,1551.6376953125
2023-09-12,25833.34375,1592.429443359375
2023-09-13,26228.32421875,1607.988525390625
2023-09-14,26539.673828125,1626.974365234375
2023-09-15,26608.693359375,1641.640380859375
2023-09-18,26754.28125,1637.3470458984375
2023-09-19,27211.1171875,1643.544677734375
2023-09-20,27132.0078125,1622.890625
2023-09-21,26567.6328125,1584.3070068359375
2023-09-22,26579.568359375,1593.268310546875
2023-09-25,26298.48046875,1588.3228759765625
2023-09-26,26217.25,1593.417236328125
2023-09-27,26352.716796875,1597.4912109375
2023-09-28,27021.546875,1652.8826904296875
2023-09-29,26911.720703125,1667.94384765625
2023-10-02,27530.78515625,1663.6275634765625
2023-10-03,27429.978515625,1656.6856689453125
2023-10-04,27799.39453125,1647.838134765625
2023-10-05,27415.912109375,1611.4764404296875
2023-10-06,27946.59765625,1645.83154296875
2023-10-09,27583.677734375,1579.806640625
2023-10-10,27391.01953125,1567.7130126953125
2023-10-11,26873.3203125,1566.2547607421875
2023-10-12,26756.798828125,1539.6124267578125
2023-10-13,26862.375,1552.0894775390625
2023-10-16,28519.466796875,1600.5343017578125
2023-10-17,28415.748046875,1565.4395751953125
2023-10-18,28328.341796875,1563.7498779296875
2023-10-19,28719.806640625,1567.45703125
2023-10-20,29682.94921875,1604.6668701171875
2023-10-23,33086.234375,1765.3826904296875
2023-10-24,33901.52734375,1784.4375
2023-10-25,34502.8203125,1787.3975830078125
2023-10-26,34156.6484375,1804.039306640625
2023-10-27,33909.80078125,1780.0452880859375
2023-10-30,34502.36328125,1810.088623046875
2023-10-31,34667.78125,1816.458984375
2023-11-01,35437.25390625,1847.0897216796875
2023-11-02,34938.2421875,1800.6209716796875
2023-11-03,34732.32421875,1832.795166015625
2023-11-06,35037.37109375,1899.83740234375
2023-11-07,35443.5625,1888.124267578125
2023-11-08,35655.27734375,1889.3223876953125
2023-11-09,36693.125,2120.56103515625
2023-11-10,37313.96875,2078.289794921875
2023-11-13,36502.35546875,2055.265380859375
2023-11-14,35537.640625,1979.0526123046875
2023-11-15,37880.58203125,2060.408447265625
2023-11-16,36154.76953125,1960.881591796875
2023-11-17,36596.68359375,1961.28076171875
2023-11-20,37476.95703125,2022.2391357421875
2023-11-21,35813.8125,1937.0667724609375
2023-11-22,37432.33984375,2064.42529296875
2023-11-23,37289.62109375,2062.210693359375
2023-11-24,37720.28125,2081.152099609375
2023-11-27,37254.16796875,2027.4173583984375
2023-11-28,37831.0859375,2049.338134765625
2023-11-29,37858.4921875,2029.92919921875
2023-11-30,37712.74609375,2052.55615234375
2023-12-01,38688.75,2087.139892578125
2023-12-04,41980.09765625,2243.2158203125
2023-12-05,44080.6484375,2293.841796875
2023-12-06,43746.4453125,2231.661376953125
2023-12-07,43292.6640625,2357.57958984375
2023-12-08,44166.6015625,2358.73193359375
2023-12-11,41243.83203125,2224.578857421875
2023-12-12,41450.22265625,2202.0380859375
2023-12-13,42890.7421875,2260.648681640625
2023-12-14,43023.97265625,2316.5791015625
2023-12-15,41929.7578125,2219.33740234375
2023-12-18,42623.5390625,2217.2734375
2023-12-19,42270.52734375,2177.87255859375
2023-12-20,43652.25,2201.911376953125
2023-12-21,43869.15234375,2239.54248046875
2023-12-22,43997.90234375,2326.52490234375
2023-12-25,43613.140625,2272.561767578125
2023-12-26,42520.40234375,2231.46533203125
2023-12-27,43442.85546875,2378.739990234375
2023-12-28,42627.85546875,2347.566162109375
2023-12-29,42099.40234375,2300.690673828125
